{
  "height": 307.81284004352557,
  "tabOrder": 4000,
  "width": 332.88356909684438,
  "x": 947.11643090315556,
  "y": 107.24700761697497,
  "z": 5000
}