{
  "height": 458.29145728643215,
  "width": 541.5075376884422,
  "x": 198.99497487437185,
  "y": 78.391959798994975,
  "z": 0
}