{
  "height": 458.29145728643215,
  "width": 541.5075376884422,
  "x": 206.23115577889445,
  "y": 8.4422110552763812,
  "z": 0
}