{
  "height": 414.87437185929645,
  "width": 512.56281407035169,
  "x": 767.03517587939689,
  "y": 28.94472361809045,
  "z": 3001
}