{
  "height": 457.08542713567834,
  "width": 512.56281407035169,
  "x": 767.03517587939689,
  "y": 80.804020100502512,
  "z": 3001
}