{
  "height": 53.065326633165824,
  "tabOrder": 5000,
  "width": 1279.5979899497486,
  "x": 0,
  "y": 0,
  "z": 500
}