{
  "height": 457.08542713567834,
  "width": 437.78894472361804,
  "x": 202.61306532663315,
  "y": 118.19095477386934,
  "z": 1000
}